{
	"song": {
		"player1": "Nixvyy",
		"gfVersion": "no gf",
		"notes": [
			{
				"sectionBeats": 4,
				"sectionNotes": [
					[
						100,
						1,
						0
					],
					[
						545.454545454545,
						1,
						0
					],
					[
						909.090909090909,
						2,
						0
					],
					[
						1090.90909090909,
						0,
						0
					],
					[
						1272.72727272727,
						3,
						0
					],
					[
						363.636363636364,
						3,
						0
					],
					[
						727.272727272727,
						0,
						0
					],
					[
						100,
						1,
						0
					],
					[
						545.454545454545,
						1,
						0
					],
					[
						909.090909090909,
						2,
						0
					],
					[
						1090.90909090909,
						0,
						0
					],
					[
						1272.72727272727,
						3,
						0
					],
					[
						363.636363636364,
						3,
						0
					],
					[
						727.272727272727,
						0,
						0
					]
				],
				"typeOfSection": 0,
				"gfSection": false,
				"altAnim": false,
				"mustHitSection": true,
				"changeBPM": true,
				"bpm": 165
			},
			{
				"sectionBeats": 4,
				"sectionNotes": [
					[
						1909.09090909091,
						3,
						0
					],
					[
						2090.90909090909,
						1,
						0
					],
					[
						2272.72727272727,
						0,
						0
					],
					[
						2454.54545454545,
						2,
						0
					],
					[
						2636.36363636364,
						2,
						0
					],
					[
						2818.18181818182,
						1,
						0
					],
					[
						1454.54545454545,
						1,
						0
					],
					[
						1727.27272727273,
						0,
						0
					]
				],
				"typeOfSection": 0,
				"gfSection": false,
				"altAnim": false,
				"mustHitSection": true,
				"changeBPM": false,
				"bpm": 150
			},
			{
				"sectionBeats": 4,
				"sectionNotes": [
					[
						3090.90909090909,
						3,
						0
					],
					[
						3272.72727272727,
						1,
						0
					],
					[
						3454.54545454545,
						3,
						0
					],
					[
						3636.36363636364,
						0,
						0
					],
					[
						3818.18181818182,
						2,
						0
					],
					[
						4000,
						3,
						0
					],
					[
						4181.81818181818,
						1,
						0
					]
				],
				"typeOfSection": 0,
				"gfSection": false,
				"altAnim": false,
				"mustHitSection": true,
				"changeBPM": false,
				"bpm": 150
			},
			{
				"sectionBeats": 4,
				"sectionNotes": [
					[
						4454.54545454545,
						3,
						0
					],
					[
						4636.36363636364,
						0,
						0
					],
					[
						4818.18181818182,
						3,
						0
					],
					[
						5000,
						1,
						0
					],
					[
						5181.81818181818,
						2,
						0
					],
					[
						5363.63636363636,
						2,
						0
					],
					[
						5545.45454545455,
						0,
						93.75
					],
					[
						5545.45454545455,
						1,
						93.75
					]
				],
				"typeOfSection": 0,
				"gfSection": false,
				"altAnim": false,
				"mustHitSection": true,
				"changeBPM": false,
				"bpm": 150
			},
			{
				"sectionBeats": 4,
				"sectionNotes": [
					[
						5909.09090909091,
						3,
						0
					],
					[
						6090.90909090909,
						2,
						0
					],
					[
						6727.27272727273,
						1,
						0
					],
					[
						6909.09090909091,
						0,
						181.818181818182
					],
					[
						6181.81818181818,
						0,
						0
					],
					[
						6181.81818181818,
						3,
						0
					],
					[
						6363.63636363636,
						1,
						0
					],
					[
						6545.45454545455,
						3,
						0
					]
				],
				"typeOfSection": 0,
				"gfSection": false,
				"altAnim": false,
				"mustHitSection": true,
				"changeBPM": false,
				"bpm": 150
			},
			{
				"sectionBeats": 4,
				"sectionNotes": [
					[
						7272.72727272727,
						2,
						0
					],
					[
						7454.54545454545,
						0,
						0
					],
					[
						7636.36363636364,
						1,
						0
					],
					[
						8000,
						2,
						0
					],
					[
						8545.45454545454,
						3,
						0
					],
					[
						7818.18181818182,
						3,
						0
					],
					[
						8181.81818181818,
						2,
						0
					],
					[
						8363.63636363636,
						1,
						90.9090909090909
					]
				],
				"typeOfSection": 0,
				"gfSection": false,
				"altAnim": false,
				"mustHitSection": true,
				"changeBPM": false,
				"bpm": 150
			},
			{
				"sectionBeats": 4,
				"sectionNotes": [
					[
						8727.27272727273,
						2,
						0
					],
					[
						9000,
						1,
						0
					],
					[
						10000,
						2,
						0
					],
					[
						9231.81818181818,
						1,
						0
					],
					[
						9227.27272727273,
						3,
						0
					],
					[
						9500,
						3,
						0
					],
					[
						9502.27272727273,
						1,
						0
					]
				],
				"typeOfSection": 0,
				"gfSection": false,
				"altAnim": false,
				"mustHitSection": true,
				"changeBPM": false,
				"bpm": 150
			},
			{
				"sectionBeats": 4,
				"sectionNotes": [
					[
						10363.6363636364,
						2,
						0
					],
					[
						10545.4545454545,
						1,
						0
					],
					[
						10818.1818181818,
						1,
						0
					],
					[
						11181.8181818182,
						3,
						0
					],
					[
						11545.4545454545,
						0,
						0
					],
					[
						10545.4545454545,
						0,
						0
					],
					[
						10818.1818181818,
						0,
						0
					],
					[
						11545.4545454545,
						1,
						0
					]
				],
				"typeOfSection": 0,
				"gfSection": false,
				"altAnim": false,
				"mustHitSection": true,
				"changeBPM": false,
				"bpm": 150
			},
			{
				"sectionBeats": 4,
				"sectionNotes": [
					[
						12818.1818181818,
						1,
						0
					],
					[
						13000,
						0,
						0
					],
					[
						12272.7272727273,
						0,
						90.9090909090909
					],
					[
						12454.5454545455,
						1,
						0
					],
					[
						12636.3636363636,
						3,
						0
					],
					[
						11818.1818181818,
						1,
						0
					],
					[
						12000,
						2,
						0
					],
					[
						12181.8181818182,
						2,
						0
					]
				],
				"typeOfSection": 0,
				"gfSection": false,
				"altAnim": false,
				"mustHitSection": true,
				"changeBPM": false,
				"bpm": 150
			},
			{
				"sectionBeats": 4,
				"sectionNotes": [
					[
						13090.9090909091,
						2,
						46.875
					],
					[
						13272.7272727273,
						1,
						0
					],
					[
						13454.5454545455,
						2,
						0
					],
					[
						13636.3636363636,
						0,
						0
					],
					[
						13818.1818181818,
						3,
						90.9090909090909
					],
					[
						14272.7272727273,
						1,
						0
					],
					[
						14454.5454545455,
						3,
						0
					],
					[
						14050,
						0,
						0
					]
				],
				"typeOfSection": 0,
				"gfSection": false,
				"altAnim": false,
				"mustHitSection": true,
				"changeBPM": false,
				"bpm": 150
			},
			{
				"sectionBeats": 4,
				"sectionNotes": [
					[
						15181.8181818182,
						1,
						0
					],
					[
						15363.6363636364,
						3,
						0
					],
					[
						15545.4545454545,
						0,
						0
					],
					[
						15727.2727272727,
						1,
						0
					],
					[
						15909.0909090909,
						3,
						0
					],
					[
						14636.3636363636,
						1,
						0
					],
					[
						14818.1818181818,
						2,
						0
					],
					[
						15000,
						3,
						0
					]
				],
				"typeOfSection": 0,
				"gfSection": false,
				"altAnim": false,
				"mustHitSection": true,
				"changeBPM": false,
				"bpm": 150
			},
			{
				"sectionBeats": 4,
				"sectionNotes": [
					[
						16090.9090909091,
						2,
						0
					],
					[
						16272.7272727273,
						0,
						0
					],
					[
						16454.5454545455,
						3,
						0
					],
					[
						16636.3636363636,
						2,
						0
					],
					[
						16818.1818181818,
						3,
						0
					],
					[
						17000,
						0,
						225.852272727273
					],
					[
						17363.6363636364,
						2,
						0
					]
				],
				"typeOfSection": 0,
				"gfSection": false,
				"altAnim": false,
				"mustHitSection": true,
				"changeBPM": false,
				"bpm": 150
			},
			{
				"sectionBeats": 4,