{
	"song": {
		"player1": "Nixvyy",
		"gfVersion": "gf",
		"notes": [
			{
				"sectionBeats": 4,
				"sectionNotes": [
					[
						100,
						1,
						0
					],
					[
						545.454545454545,
						1,
						0
					],
					[
						909.090909090909,
						2,
						0
					],
					[
						1090.90909090909,
						0,
						0
					],
					[
						1272.72727272727,
						3,
						0
					],
					[
						363.636363636364,
						3,
						0
					],
					[
						727.272727272727,
						0,
						0
					]
				],
				"typeOfSection": 0,
				"gfSection": false,
				"altAnim": false,
				"mustHitSection": true,
				"changeBPM": true,
				"bpm": 165
			},
			{
				"sectionBeats": 4,
				"sectionNotes": [
					[
						1909.09090909091,
						3,
						0
					],
					[
						2090.90909090909,
						1,
						0
					],
					[
						2272.72727272727,
						0,
						0
					],
					[
						2454.54545454545,
						2,
						0
					],
					[
						2636.36363636364,
						2,
						0
					],
					[
						2818.18181818182,
						1,
						0
					],
					[
						1454.54545454545,
						1,
						0
					],
					[
						1727.27272727273,
						0,
						0
					]
				],
				"typeOfSection": 0,
				"gfSection": false,
				"altAnim": false,
				"mustHitSection": true,
				"changeBPM": false,
				"bpm": 150
			},
			{
				"sectionBeats": 4,
				"sectionNotes": [
					[
						3090.90909090909,
						3,
						0
					],
					[
						3272.72727272727,
						1,
						0
					],
					[
						3454.54545454545,
						3,
						0
					],
					[
						3636.36363636364,
						0,
						0
					],
					[
						3818.18181818182,
						2,
						0
					],
					[
						4000,
						3,
						0
					],
					[
						4181.81818181818,
						1,
						0
					]
				],
				"typeOfSection": 0,
				"gfSection": false,
				"altAnim": false,
				"mustHitSection": true,
				"changeBPM": false,
				"bpm": 150
			},
			{
				"sectionBeats": 4,
				"sectionNotes": [
					[
						4454.54545454545,
						3,
						0
					],
					[
						4636.36363636364,
						0,
						0
					],
					[
						4818.18181818182,
						3,
						0
					],
					[
						5000,
						1,
						0
					],
					[
						5000,
						0,
						0
					],
					[
						5181.81818181818,
						2,
						0
					],
					[
						5363.63636363636,
						2,
						0
					],
					[
						5545.45454545455,
						0,
						93.75
					],
					[
						5545.45454545455,
						1,
						93.75
					],
					[
						5545.45454545455,
						3,
						93.75
					]
				],
				"typeOfSection": 0,
				"gfSection": false,
				"altAnim": false,
				"mustHitSection": true,
				"changeBPM": false,
				"bpm": 150
			},
			{
				"sectionBeats": 4,
				"sectionNotes": [
					[
						5909.09090909091,
						1,
						0
					],
					[
						5909.09090909091,
						3,
						0
					],
					[
						6090.90909090909,
						2,
						0
					],
					[
						6272.72727272727,
						0,
						46.875
					],
					[
						6272.72727272727,
						3,
						46.875
					],
					[
						6454.54545454545,
						1,
						0
					],
					[
						6609.09090909091,
						3,
						0
					],
					[
						7047.72727272727,
						3,
						46.875
					],
					[
						7050,
						0,
						46.875
					],
					[
						6818.18181818182,
						1,
						0
					],
					[
						6818.18181818182,
						3,
						0
					]
				],
				"typeOfSection": 0,
				"gfSection": false,
				"altAnim": false,
				"mustHitSection": true,
				"changeBPM": false,
				"bpm": 150
			},
			{
				"sectionBeats": 4,
				"sectionNotes": [
					[
						7363.63636363636,
						3,
						0
					],
					[
						7363.63636363636,
						2,
						0
					],
					[
						7545.45454545455,
						0,
						0
					],
					[
						7545.45454545455,
						1,
						0
					],
					[
						7727.27272727273,
						3,
						0
					],
					[
						7727.27272727273,
						1,
						0
					],
					[
						7909.09090909091,
						2,
						0
					],
					[
						8090.90909090909,
						2,
						0
					],
					[
						8454.54545454545,
						1,
						0
					],
					[
						8454.54545454545,
						3,
						0
					],
					[
						8245.45454545454,
						1,
						46.875
					],
					[
						8245.45454545454,
						0,
						46.875
					]
				],
				"typeOfSection": 0,
				"gfSection": false,
				"altAnim": false,
				"mustHitSection": true,
				"changeBPM": false,
				"bpm": 150
			},
			{
				"sectionBeats": 4,
				"sectionNotes": [
					[
						8727.27272727273,
						2,
						0
					],
					[
						9000,
						1,
						0
					],
					[
						10000,
						2,
						0
					],
					[
						9231.81818181818,
						1,
						0
					],
					[
						9227.27272727273,
						3,
						0
					],
					[
						9500,
						3,
						0
					],
					[
						9502.27272727273,
						1,
						0
					]
				],
				"typeOfSection": 0,
				"gfSection": false,
				"altAnim": false,
				"mustHitSection": true,
				"changeBPM": false,
				"bpm": 150
			},
			{
				"sectionBeats": 4,
				"sectionNotes": [
					[
						10363.6363636364,
						2,
						0
					],
					[
						10545.4545454545,
						1,
						0
					],
					[
						10818.1818181818,
						1,
						0
					],
					[
						11181.8181818182,
						2,
						0
					],
					[
						11181.8181818182,
						3,
						0
					],
					[
						11545.4545454545,
						0,
						0
					],
					[
						11545.4545454545,
						1,
						0
					],
					[
						10545.4545454545,
						0,
						0
					],
					[
						10818.1818181818,
						0,
						0
					]
				],
				"typeOfSection": 0,
				"gfSection": false,
				"altAnim": false,
				"mustHitSection": true,
				"changeBPM": false,
				"bpm": 150
			},
			{
				"sectionBeats": 4,
				"sectionNotes": [
					[
						12636.3636363636,
						3,
						0
					],
					[
						12818.1818181818,
						1,
						0
					],
					[
						13000,
						0,
						0
					],
					[
						11768.1818181818,
						1,
						0
					],
					[
						11931.8181818182,
						2,
						0
					],
					[
						12120.4545454545,
						2,
						0
					],
					[
						12315.9090909091,
						0,
						46.875
					],
					[
						12311.3636363636,
						3,
						46.875
					],
					[
						12545.4545454545,
						1,
						0
					]
				],
				"typeOfSection": 0,
				"gfSection": false,
				"altAnim": false,
				"mustHitSection": true,
				"changeBPM": false,
				"bpm": 150
			},
			{
				"sectionBeats": 4,
				"sectionNotes": [
					[
						13090.9090909091,
						3,
						46.875
					],
					[
						13090.9090909091,
						2,
						46.875
					],
					[
						13272.7272727273,
						1,
						0
					],
					[
						13272.7272727273,
						0,
						0
					],
					[
						13545.4545454545,
						1,
						0
					],
					[
						13545.4545454545,
						2,
						0
					],
					[
						13802.2727272727,
						3,
						0
					],
					[
						13802.2727272727,
						0,
						0
					],
					[
						14000,
						1,
						0
					],
					[
						14000,
						3,
						0
					],
					[
						14272.7272727273,
						1,
						0
					],
					[
						14454.5454545455,
						3,
						0
					]
				],
				"typeOfSection": 0,
				"gfSection": false,
				"altAnim": false,
				"mustHitSection": true,
				"changeBPM": false,
				"bpm": 150
			},
			{
				"sectionBeats": 4,
				"sectionNotes": [
					[
						14636.3636363636,
						1,
						0
					],
					[
						14818.1818181818,
						2,
						0
					],
					[
						15000,
						3,
						0
					],
					[
						15181.8181818182,
						0,
						0
					],
					[
						15363.6363636364,
						1,
						0
					],
					[
						15545.4545454545,
						3,
						0
					],
					[
						15700,
						0,
						0
					],
					[
						15847.7272727273,
						1,
						0
					]
				],
				"typeOfSection": 0,
				"gfSection": false,
				"altAnim": false,
				"mustHitSection": true,
				"changeBPM": false,
				"bpm": 150
			},
			{
				"sectionBeats": 4,
				"sectionNotes": [
					[
						16000,
						2,
						0
					],
					[
						16181.8181818182,
						3,
						0
					]
				],
				"typeOfSection": 0,
				"gfSection": false,
				"altAnim": false,